supervisoryNode,program,supplyingFacility
GCMSSN,MLA,GCMS
WHR1RMSSN,MLA,WHR1RMS
WHR2RMSSN,MLA,WHR2RMS
CRRRMSSN,MLA,CRRRMS
URRRMSSN,MLA,URRRMS
LRRRMSSN,MLA,LRRRMS
NBWRRMSSN,MLA,NBWRRMS
NBERRMSSN,MLA,NBERRMS
GCMSSN,HIV,GCMS
WHR1RMSSN,HIV,WHR1RMS
WHR2RMSSN,HIV,WHR2RMS
CRRRMSSN,HIV,CRRRMS
URRRMSSN,HIV,URRRMS
LRRRMSSN,HIV,LRRRMS
NBWRRMSSN,HIV,NBWRRMS
NBERRMSSN,HIV,NBERRMS
GCMSSN,TB,GCMS
WHR1RMSSN,TB,WHR1RMS
WHR2RMSSN,TB,WHR2RMS
CRRRMSSN,TB,CRRRMS
URRRMSSN,TB,URRRMS
LRRRMSSN,TB,LRRRMS
NBWRRMSSN,TB,NBWRRMS
NBERRMSSN,TB,NBERRMS
GCMSSN,RMNCAH,GCMS
WHR1RMSSN,RMNCAH,WHR1RMS
WHR2RMSSN,RMNCAH,WHR2RMS
CRRRMSSN,RMNCAH,CRRRMS
URRRMSSN,RMNCAH,URRRMS
LRRRMSSN,RMNCAH,LRRRMS
NBWRRMSSN,RMNCAH,NBWRRMS
NBERRMSSN,RMNCAH,NBERRMS
GCMSSN,EM,GCMS
WHR1RMSSN,EM,WHR1RMS
WHR2RMSSN,EM,WHR2RMS
CRRRMSSN,EM,CRRRMS
URRRMSSN,EM,URRRMS
LRRRMSSN,EM,LRRRMS
NBWRRMSSN,EM,NBWRRMS
NBERRMSSN,EM,NBERRMS
GCMSSN,LC,GCMS
WHR1RMSSN,LC,WHR1RMS
WHR2RMSSN,LC,WHR2RMS
CRRRMSSN,LC,CRRRMS
URRRMSSN,LC,URRRMS
LRRRMSSN,LC,LRRRMS
NBWRRMSSN,LC,NBWRRMS
NBERRMSSN,LC,NBERRMS